Word	QuantifierID	howCommon	commonRank
no	1	0.220898	50
some	1	0.180312	57
several	1	0.025255	369
ane	2	1.3E-5	78889
many	1	0.094339	107
much	1	0.096951	100
